,MAE,RMSE,nRMSE,MAPE,model,validation
0,0.20104227779167036,0.30765223541857567,0.2663779318300662,0.3682576928169196,XGBoost,Walk-forward AVG
