,MAE,RMSE,nRMSE,MAPE,day,model,validation
0,0.15237698664267857,0.19127070566159965,0.16209381835715048,0.28817688494662885,1,XGBoost,Walk-forward 7d
1,0.16958861917257306,0.2481186900920396,0.2696942283606195,0.3851095344563851,2,XGBoost,Walk-forward 7d
2,0.14195953349272408,0.18397157721645563,0.22996447152028207,0.27517021312195383,3,XGBoost,Walk-forward 7d
3,0.3565447800854842,0.6427568706787261,0.29620132289328566,0.3159297174190174,4,XGBoost,Walk-forward 7d
4,0.16566030194362005,0.2145018100708333,0.3972255742045112,0.48678214359050687,5,XGBoost,Walk-forward 7d
5,0.1477791050076485,0.21032490029500672,0.28811630177358716,0.4338322655953984,6,XGBoost,Walk-forward 7d
6,0.27338661819696425,0.46262109391536854,0.22134980570102736,0.3928030905885469,7,XGBoost,Walk-forward 7d
