,MAE,RMSE,nRMSE,MAPE,model,evaluation
0,0.15237698664267857,0.19127070566159965,0.16209381835715048,0.28817688494662885,XGBoost,Week
