,MAE,RMSE,nRMSE,MAPE,model,evaluation
0,0.20836150039519583,0.35455578425873574,0.16116172011753388,0.3866797763825494,XGBoost,week
